"i","ri","f(ri)","f'(r1)","ri+1"
0,0.5,-0.799163,3.31332,0.741197
1,0.741197,-0.257745,1.4964,0.91344
2,0.91344,-0.0595514,0.835697,0.9847
3,0.9847,-0.00866787,0.59269,0.999324
4,0.999324,-0.000365782,0.542622,0.999999
5,0.999999,-7.80195e-07,0.540307,1
6,1,-3.58069e-12,0.540302,1
"Resultado actual",1
