"i","ri","f(ri)","f'(r1)","ri+1"
0,1.5,-0.285175,-2.14683,1.36716
1,1.36716,-0.0723721,-1.1177,1.30241
2,1.30241,-0.012879,-0.730109,1.28477
3,1.28477,-0.000848825,-0.63452,1.28344
4,1.28344,-4.74591e-06,-0.627429,1.28343
5,1.28343,-1.51425e-10,-0.627388,1.28343
"Resultado actual",1.28343
