"i","ri","f(ri)","g(ri)"
0,1,0.158529,0.841471
1,0.841471,-0.0375507,0.886096
2,0.886096,0.0105576,0.874181
3,0.874181,-0.00282547,0.877413
4,0.877413,0.00076611,0.87654
5,0.87654,-0.00020699,0.876776
6,0.876776,5.59788e-05,0.876713
7,0.876713,-1.51351e-05,0.87673
8,0.87673,4.09239e-06,0.876725
"Resultado Final",0.876725
