"i","ri","f(ri)","f'(r1)","ri+1"
0,-1,1.265,1.735,-1.72911
1,-1.72911,-1.98238,7.70443,-1.4718
2,-1.4718,-0.326393,5.23361,-1.40944
3,-1.40944,-0.0169306,4.69455,-1.40583
4,-1.40583,-5.49484e-05,4.66409,-1.40582
"Resultado actual",-1.40582
