"i","ri","f(ri)","g(ri)"
0,0.7,-0.323397,1.0234
1,1.0234,0.0116977,1.0117
2,1.0117,0.00608573,1.00561
3,1.00561,0.00297893,1.00263
4,1.00263,0.00141165,1.00122
5,1.00122,0.000658288,1.00056
6,1.00056,0.000304635,1.00026
7,1.00026,0.000140472,1.00012
8,1.00012,6.46662e-05,1.00006
9,1.00006,2.97463e-05,1.00003
10,1.00003,1.36784e-05,1.00001
11,1.00001,6.2888e-06,1.00001
12,1.00001,2.89113e-06,1
13,1,1.32908e-06,1
14,1,6.10985e-07,1
"Resultado Final",1
