"i","ri","f(ri)","f'(r1)","ri+1"
0,3,143,311,2.54019
1,2.54019,43.1452,138.945,2.22967
2,2.22967,11.6803,68.9145,2.06018
3,2.06018,2.33195,42.6329,2.00549
4,2.00549,0.193796,35.6616,2.00005
5,2.00005,0.00178397,35.0061,2
6,2,1.55836e-07,35,2
"Resultado actual",2
