"i","ri","f(ri)","f'(r1)","ri+1"
0,-2,-12,51,-1.76471
1,-1.76471,-3.0912,26.5219,-1.64815
2,-1.64815,-0.515016,18.0393,-1.6196
3,-1.6196,-0.0254746,16.2741,-1.61804
4,-1.61804,-7.31941e-05,16.1806,-1.61803
5,-1.61803,-6.09758e-10,16.1803,-1.61803
"Resultado actual",-1.61803
