"i","ri","f(ri)","f'(r1)","ri+1"
0,1,-3,-9,0.666667
1,0.666667,-0.312757,-6.67901,0.61984
2,0.61984,-0.0111775,-6.19912,0.618037
3,0.618037,-1.69013e-05,-6.18037,0.618034
4,0.618034,-3.88998e-11,-6.18034,0.618034
"Resultado actual",0.618034
