"i","ri","f(ri)","f'(r1)","ri+1"
0,1,0.333633,1.40286,0.762177
1,0.762177,-0.00875238,1.46071,0.768169
2,0.768169,-7.20523e-07,1.46046,0.768169
"Resultado actual",0.768169
