"i","ai","bi","ri","f(ri)","f(ai)","f(b1)"
0,0,1,0.749831332223786,-0.0267876601821733,-1,0.333633254607119
1,0.749831332223786,1,0.768424685122116,0.000373186238701578,-0.0267876601821733,0.333633254607119
2,0.749831332223786,0.768424685122116,0.76816921504856,8.51617274879386e-08,-0.0267876601821733,0.000373186238701578
3,0.749831332223786,0.76816921504856,0.768169156750045,1.93494582335918e-11,-0.0267876601821733,8.51617274879386e-08
"Resultado Final",0.768169156750045
