"i","ri","f(ri)","f(ri+h)","ri+1"
0,1,0.333633,0.333635,0.762177
1,0.762177,-0.00875243,-0.00875097,0.768169
2,0.768169,-7.20422e-07,7.40034e-07,0.768169
"Resultado actual",0.768169
