"i","ri","f(ri)","f(ri+h)","ri+1"
0,-2,-12,-11.9999,-1.76471
1,-1.76471,-3.09119,-3.09116,-1.64815
2,-1.64815,-0.515011,-0.514993,-1.6196
3,-1.6196,-0.0254733,-0.025457,-1.61804
4,-1.61804,-7.31401e-05,-5.69595e-05,-1.61803
5,-1.61803,-4.74165e-10,1.61798e-05,-1.61803
"Resultado actual",-1.61803
