"i","ri","f(ri)","f(ri+h)","ri+1"
0,3,143,143,2.54019
1,2.54019,43.1452,43.1454,2.22967
2,2.22967,11.6803,11.6804,2.06018
3,2.06018,2.33197,2.33202,2.00549
4,2.00549,0.193802,0.193838,2.00005
5,2.00005,0.0017844,0.00181941,2
6,2,1.58969e-07,3.5159e-05,2
"Resultado actual",2
