"i","ri","f(ri)","f(ri+h)","ri+1"
0,1,-3,-3.00001,0.666667
1,0.666667,-0.312757,-0.312764,0.61984
2,0.61984,-0.0111777,-0.0111839,0.618037
3,0.618037,-1.69113e-05,-2.30917e-05,0.618034
4,0.618034,-5.31792e-11,-6.1804e-06,0.618034
"Resultado actual",0.618034
