"TiempoVuelo",2.04499
"Elevacion",5.11247
"Tiempo","Posicion","Velocidad"
0,0,10
0.1,0.9511,9.022
0.2,1.8044,8.044
0.3,2.5599,7.066
0.4,3.2176,6.088
0.5,3.7775,5.11
0.6,4.2396,4.132
0.7,4.6039,3.154
0.8,4.8704,2.176
0.9,5.0391,1.198
1,5.11,0.22
1.1,5.0831,-0.758
1.2,4.9584,-1.736
1.3,4.7359,-2.714
1.4,4.4156,-3.692
1.5,3.9975,-4.67
1.6,3.4816,-5.648
1.7,2.8679,-6.626
1.8,2.1564,-7.604
1.9,1.3471,-8.582
2,0.44,-9.56
