"TiempoVuelo",0.715746
"Elevacion",0.626278
"Alcance",4.33898
"Velocidad en X",6.06218
"Tiempo","Posicion en X","Posicion en Y","Velocidad en Y"
0,0,0,3.5
0.1,0.606218,0.3011,2.522
0.2,1.21244,0.5044,1.544
0.3,1.81865,0.6099,0.566
0.4,2.42487,0.6176,-0.412
0.5,3.03109,0.5275,-1.39
0.6,3.63731,0.3396,-2.368
0.7,4.24352,0.0539,-3.346
