"i","ri","f(ri)","f(ri+h)","ri+1"
0,0.5,-0.799163,-0.79916,0.741197
1,0.741197,-0.257744,-0.257742,0.913441
2,0.913441,-0.059551,-0.0595502,0.9847
3,0.9847,-0.00866769,-0.0086671,0.999325
4,0.999325,-0.000365746,-0.000365203,0.999999
5,0.999999,-7.78889e-07,-2.38583e-07,1
6,1,-1.09315e-12,5.40299e-07,1
"Resultado actual",1
