"i","ri","f(ri)","f(ri+h)","ri+1"
0,1.5,-0.285175,-0.285177,1.36716
1,1.36716,-0.0723724,-0.0723735,1.30241
2,1.30241,-0.0128792,-0.0128799,1.28477
3,1.28477,-0.000848892,-0.000849527,1.28344
4,1.28344,-4.75017e-06,-5.3776e-06,1.28343
5,1.28343,-1.71733e-10,-6.27563e-07,1.28343
"Resultado actual",1.28343
