"i","ri-1","ri","f(ri-1)","f(ri)","ri+1","f(r1+1)"
1,0,0.5,-1,-0.38726,0.816007,0.0697769
2,0.5,0.816007,-0.38726,0.0697769,0.767761,-0.000595616
3,0.816007,0.767761,0.0697769,-0.000595616,0.76817,7.47771e-07
4,0.767761,0.76817,-0.000595616,7.47771e-07,0.768169,4.93715e-12
"Resultado Final",0.768169
