"i","ri","f(ri)","f'(r1)","ri+1"
0,1,-1,3,1.33333
1,1.33333,0.37037,5.33333,1.26389
2,1.26389,0.0189552,4.79225,1.25993
3,1.25993,5.92593e-05,4.7623,1.25992
4,1.25992,5.85259e-10,4.7622,1.25992
"Resultado actual",1.25992
