"i","ri","f(ri)","g(ri)"
0,1,-3,-2
1,-2,-12,-14
2,-14,-529968,-529982
3,-529982,-4.18124e+28,-4.18124e+28
4,-4.18124e+28,-1.27799e+143,-1.27799e+143
5,-1.27799e+143,-3.4091e+715,-3.4091e+715
6,-3.4091e+715,-4.60468e+3577,-4.60468e+3577
7,-4.60468e+3577,-nan,-nan
"Resultado Final",-nan
