"i","ri-1","ri","f(ri-1)","f(ri)","ri+1","f(r1+1)"
1,0,1,-2,-1,2,6
2,1,2,-1,6,1.14286,-0.507289
3,2,1.14286,6,-0.507289,1.20968,-0.229855
4,1.14286,1.20968,-0.507289,-0.229855,1.26504,0.0244696
5,1.20968,1.26504,-0.229855,0.0244696,1.25971,-0.000995262
6,1.26504,1.25971,0.0244696,-0.000995262,1.25992,-4.03269e-06
7,1.25971,1.25992,-0.000995262,-4.03269e-06,1.25992,6.69116e-10
"Resultado Final",1.25992
